Name,Description,Link
Best VPN for Streaming,Smart features at a budget price — Best VPN for Streaming just works.,https://example.com/best-vpn-for-streaming-1
AI Writer Pro,Get results fast with AI Writer Pro. Great for beginners and pros.,https://example.com/ai-writer-pro-2
Budget Web Hosting,Get results fast with Budget Web Hosting. Great for beginners and pros.,https://example.com/budget-web-hosting-3
Password Manager,Smart features at a budget price — Password Manager just works.,https://example.com/password-manager-4
SEO Rank Tracker,"Simple, affordable, and effective — SEO Rank Tracker does the heavy lifting.",https://example.com/seo-rank-tracker-5
Email Marketing Starter,Boost conversions and save hours each week using Email Marketing Starter.,https://example.com/email-marketing-starter-6
Landing Page Builder,Boost conversions and save hours each week using Landing Page Builder.,https://example.com/landing-page-builder-7
Social Media Scheduler,Boost conversions and save hours each week using Social Media Scheduler.,https://example.com/social-media-scheduler-8
Stock Photo Bundle,Smart features at a budget price — Stock Photo Bundle just works.,https://example.com/stock-photo-bundle-9
Video Editor Lite,Get results fast with Video Editor Lite. Great for beginners and pros.,https://example.com/video-editor-lite-10
Podcast Editor,Smart features at a budget price — Podcast Editor just works.,https://example.com/podcast-editor-11
Screen Recorder,Smart features at a budget price — Screen Recorder just works.,https://example.com/screen-recorder-12
Form Builder,Trusted by creators and small teams — try Form Builder today.,https://example.com/form-builder-13
Chatbot for Websites,Get results fast with Chatbot for Websites. Great for beginners and pros.,https://example.com/chatbot-for-websites-14
Heatmap Analytics,Trusted by creators and small teams — try Heatmap Analytics today.,https://example.com/heatmap-analytics-15
A/B Testing Tool,Supercharge growth: automate boring work with A/B Testing Tool.,https://example.com/a/b-testing-tool-16
Link Shortener,Get results fast with Link Shortener. Great for beginners and pros.,https://example.com/link-shortener-17
URL Redirect Manager,Get results fast with URL Redirect Manager. Great for beginners and pros.,https://example.com/url-redirect-manager-18
Affiliate Link Cloaker,Get results fast with Affiliate Link Cloaker. Great for beginners and pros.,https://example.com/affiliate-link-cloaker-19
Keyword Research Tool,Boost conversions and save hours each week using Keyword Research Tool.,https://example.com/keyword-research-tool-20
Backlink Monitor,Boost conversions and save hours each week using Backlink Monitor.,https://example.com/backlink-monitor-21
Site Auditor,Trusted by creators and small teams — try Site Auditor today.,https://example.com/site-auditor-22
Image Compressor,Trusted by creators and small teams — try Image Compressor today.,https://example.com/image-compressor-23
PDF Editor Online,Get results fast with PDF Editor Online. Great for beginners and pros.,https://example.com/pdf-editor-online-24
CRM Starter,Trusted by creators and small teams — try CRM Starter today.,https://example.com/crm-starter-25
Sales Pipeline Tool,Boost conversions and save hours each week using Sales Pipeline Tool.,https://example.com/sales-pipeline-tool-26
Invoice Generator,Smart features at a budget price — Invoice Generator just works.,https://example.com/invoice-generator-27
Time Tracker,Smart features at a budget price — Time Tracker just works.,https://example.com/time-tracker-28
Project Management Board,Smart features at a budget price — Project Management Board just works.,https://example.com/project-management-board-29
Kanban Task App,Trusted by creators and small teams — try Kanban Task App today.,https://example.com/kanban-task-app-30
Note-Taking App,Supercharge growth: automate boring work with Note-Taking App.,https://example.com/note-taking-app-31
Mind Map Tool,Boost conversions and save hours each week using Mind Map Tool.,https://example.com/mind-map-tool-32
Online Course Builder,Supercharge growth: automate boring work with Online Course Builder.,https://example.com/online-course-builder-33
Membership Site Kit,Trusted by creators and small teams — try Membership Site Kit today.,https://example.com/membership-site-kit-34
Checkout Page Boost,"Simple, affordable, and effective — Checkout Page Boost does the heavy lifting.",https://example.com/checkout-page-boost-35
Payment Links,Get results fast with Payment Links. Great for beginners and pros.,https://example.com/payment-links-36
Booking Calendar,Boost conversions and save hours each week using Booking Calendar.,https://example.com/booking-calendar-37
Helpdesk Chat,Smart features at a budget price — Helpdesk Chat just works.,https://example.com/helpdesk-chat-38
Knowledge Base Builder,Supercharge growth: automate boring work with Knowledge Base Builder.,https://example.com/knowledge-base-builder-39
FAQ Generator,"Simple, affordable, and effective — FAQ Generator does the heavy lifting.",https://example.com/faq-generator-40
Push Notification Service,"Simple, affordable, and effective — Push Notification Service does the heavy lifting.",https://example.com/push-notification-service-41
Web Push Opt‑in,Boost conversions and save hours each week using Web Push Opt‑in.,https://example.com/web-push-opt‑in-42
Email Verifier,Boost conversions and save hours each week using Email Verifier.,https://example.com/email-verifier-43
Email Finder,"Simple, affordable, and effective — Email Finder does the heavy lifting.",https://example.com/email-finder-44
Cold Outreach Sequences,Get results fast with Cold Outreach Sequences. Great for beginners and pros.,https://example.com/cold-outreach-sequences-45
Survey Tool,Get results fast with Survey Tool. Great for beginners and pros.,https://example.com/survey-tool-46
Form Analytics,Supercharge growth: automate boring work with Form Analytics.,https://example.com/form-analytics-47
Pop‑up Builder,Get results fast with Pop‑up Builder. Great for beginners and pros.,https://example.com/pop‑up-builder-48
Exit Intent Pop‑up,"Simple, affordable, and effective — Exit Intent Pop‑up does the heavy lifting.",https://example.com/exit-intent-pop‑up-49
Countdown Timer Bar,"Simple, affordable, and effective — Countdown Timer Bar does the heavy lifting.",https://example.com/countdown-timer-bar-50
Cookie Consent Banner,Trusted by creators and small teams — try Cookie Consent Banner today.,https://example.com/cookie-consent-banner-51
GDPR Policy Generator,"Simple, affordable, and effective — GDPR Policy Generator does the heavy lifting.",https://example.com/gdpr-policy-generator-52
Schema Markup Helper,Get results fast with Schema Markup Helper. Great for beginners and pros.,https://example.com/schema-markup-helper-53
Open Graph Preview,Smart features at a budget price — Open Graph Preview just works.,https://example.com/open-graph-preview-54
Meta Tags Assistant,Supercharge growth: automate boring work with Meta Tags Assistant.,https://example.com/meta-tags-assistant-55
Favicon Maker,Trusted by creators and small teams — try Favicon Maker today.,https://example.com/favicon-maker-56
Logo Maker,Get results fast with Logo Maker. Great for beginners and pros.,https://example.com/logo-maker-57
Brand Kit Generator,Supercharge growth: automate boring work with Brand Kit Generator.,https://example.com/brand-kit-generator-58
Color Palette Picker,Get results fast with Color Palette Picker. Great for beginners and pros.,https://example.com/color-palette-picker-59
Font Pairings Finder,Trusted by creators and small teams — try Font Pairings Finder today.,https://example.com/font-pairings-finder-60
Hero Illustration Pack,"Simple, affordable, and effective — Hero Illustration Pack does the heavy lifting.",https://example.com/hero-illustration-pack-61
Icon Pack,Smart features at a budget price — Icon Pack just works.,https://example.com/icon-pack-62
UI Components Pack,Trusted by creators and small teams — try UI Components Pack today.,https://example.com/ui-components-pack-63
Wireframe Kit,"Simple, affordable, and effective — Wireframe Kit does the heavy lifting.",https://example.com/wireframe-kit-64
Domain Name Generator,Trusted by creators and small teams — try Domain Name Generator today.,https://example.com/domain-name-generator-65
WHOIS Lookup,Boost conversions and save hours each week using WHOIS Lookup.,https://example.com/whois-lookup-66
DNS Checker,Smart features at a budget price — DNS Checker just works.,https://example.com/dns-checker-67
SSL Status Checker,Get results fast with SSL Status Checker. Great for beginners and pros.,https://example.com/ssl-status-checker-68
Uptime Monitor,Get results fast with Uptime Monitor. Great for beginners and pros.,https://example.com/uptime-monitor-69
Status Page,Smart features at a budget price — Status Page just works.,https://example.com/status-page-70
Page Speed Booster,Boost conversions and save hours each week using Page Speed Booster.,https://example.com/page-speed-booster-71
Image CDN,"Simple, affordable, and effective — Image CDN does the heavy lifting.",https://example.com/image-cdn-72
Lazy Load Script,Get results fast with Lazy Load Script. Great for beginners and pros.,https://example.com/lazy-load-script-73
Static Site Deployer,Boost conversions and save hours each week using Static Site Deployer.,https://example.com/static-site-deployer-74
Netlify Forms Helper,Get results fast with Netlify Forms Helper. Great for beginners and pros.,https://example.com/netlify-forms-helper-75
GTM Events Helper,Supercharge growth: automate boring work with GTM Events Helper.,https://example.com/gtm-events-helper-76
Analytics Dashboard,"Simple, affordable, and effective — Analytics Dashboard does the heavy lifting.",https://example.com/analytics-dashboard-77
Funnel Analytics,Supercharge growth: automate boring work with Funnel Analytics.,https://example.com/funnel-analytics-78
Attribution Modeler,Smart features at a budget price — Attribution Modeler just works.,https://example.com/attribution-modeler-79
Cohort Analysis,"Simple, affordable, and effective — Cohort Analysis does the heavy lifting.",https://example.com/cohort-analysis-80
Heatmap + Session Replay,Boost conversions and save hours each week using Heatmap + Session Replay.,https://example.com/heatmap-+-session-replay-81
Bug Reporting Widget,"Simple, affordable, and effective — Bug Reporting Widget does the heavy lifting.",https://example.com/bug-reporting-widget-82
Feature Request Board,"Simple, affordable, and effective — Feature Request Board does the heavy lifting.",https://example.com/feature-request-board-83
Changelog Generator,Boost conversions and save hours each week using Changelog Generator.,https://example.com/changelog-generator-84
Release Notes Writer,Smart features at a budget price — Release Notes Writer just works.,https://example.com/release-notes-writer-85
Tweet Thread Writer,"Simple, affordable, and effective — Tweet Thread Writer does the heavy lifting.",https://example.com/tweet-thread-writer-86
LinkedIn Post Ideas,Smart features at a budget price — LinkedIn Post Ideas just works.,https://example.com/linkedin-post-ideas-87
YouTube Title Optimizer,Smart features at a budget price — YouTube Title Optimizer just works.,https://example.com/youtube-title-optimizer-88
Thumbnail Maker,Smart features at a budget price — Thumbnail Maker just works.,https://example.com/thumbnail-maker-89
Caption Generator,Get results fast with Caption Generator. Great for beginners and pros.,https://example.com/caption-generator-90
Subtitles Translator,Trusted by creators and small teams — try Subtitles Translator today.,https://example.com/subtitles-translator-91
Blog Post Outline,Smart features at a budget price — Blog Post Outline just works.,https://example.com/blog-post-outline-92
Intro Paragraph Generator,Boost conversions and save hours each week using Intro Paragraph Generator.,https://example.com/intro-paragraph-generator-93
Meta Description Writer,Trusted by creators and small teams — try Meta Description Writer today.,https://example.com/meta-description-writer-94
Email Subject Line Ideas,Smart features at a budget price — Email Subject Line Ideas just works.,https://example.com/email-subject-line-ideas-95
Ad Copy Generator,Boost conversions and save hours each week using Ad Copy Generator.,https://example.com/ad-copy-generator-96
Headline Analyzer,Boost conversions and save hours each week using Headline Analyzer.,https://example.com/headline-analyzer-97
Call‑to‑Action Generator,Supercharge growth: automate boring work with Call‑to‑Action Generator.,https://example.com/call‑to‑action-generator-98
Survey Question Bank,Supercharge growth: automate boring work with Survey Question Bank.,https://example.com/survey-question-bank-99
AI Image Upscaler,"Simple, affordable, and effective — AI Image Upscaler does the heavy lifting.",https://example.com/ai-image-upscaler-100
